<?xml version="1.0" encoding="utf-8"?>
<database>
	<version>1.0.1</version>
    <name>Barcode Generator</name>
	<uri>http://www.apprain.com</uri>
	<description><![CDATA[
		This component help to generate barcode. Actual, library of the generator is developed by David S. Tufts 
		]]>
	</description>
	<author>Reazaul Karim</author>
	<author_uri>http://reazulk.wordpress.com</author_uri>
	<namespace>auto</namespace>
	<removeable>No</removeable>
	<help>
		<![CDATA[
			<strong>Guide line</strong>  <br />
			The component works in backgruond to generate the code. Call like 
            <pre>echo App::Component('BarcodeGenerator')->Helper('Data')->Create('123456');</pre>
		]]>
	</help>
	<checkfiles>
		<filepath>register.php</filepath>
	</checkfiles>
</database>